google_drive_id	filename	size_bytes	sha256
1tSIWxbaBbofX-2bGK2AmZQY98OMB4MzS	_1_Siêu phẩm Tứ Hóa Bắc Phái - Demo lần 2.pdf	2051419	36893e0a82b333278a46727fbb6a79d653bdf1e3b608954ca0e43dcb4331ed22
1qB09459nuSf_3ibvaLEvqsW1etvfIY0x	____Thân gửi Cộng Đồng những người yêu thích các bộ môn học thuật.pdf	360523	25ae3c5f9c207bd0148ecade344ee431603f106e871dde3bf7da5fad499faf17
15O8iGbmGalvgLyCuPhr1j4EupixlVPgM	_Dụng Thần[Chiến Nguyễn].pdf	1037063	4685da5deadfe3cb1801c9d39c7a145c4412f2dfa1f57ec6fe0972e176d0ea27
18ocj2hgUUAN1EPhItgiNRxCLbptjK27n	_Tứ Hóa và Cuộc Sống số 1.pdf	49153024	bbe94b4659444e9c7a3f19e078bf51249b8f5157f66f4c32646420e6ca6dce6f
17XM-Sm9OjopNvEi5TmOUzBVAW8UrZaaX	Ai tinh linh nghiệm kinh- ai tinh kỳ nghiệm kinh tường giải-FULL.pdf	6137858	3f2baea5b4eaa06a441d3d2e5240e32f6237294c53564b866af07b432f91e300
1SEPxB1Q0Upnj322QXDzuBQyfrC8pIG7O	Chính tông Dương Công phong thủy học giảng nghĩa-FULL.pdf	9241590	9c2870bea5c397d92cb53b9bc9cbb5b5e7406e82420fcf5c68f2404604a47cc7
1AhgW9uR7LlJIP0qTd3kpb6vvoa6tE9ac	Dương Công Phong Thủy Án Lệ.pdf	6507071	a4fc51b0ed98ea8524aaa47bf16ba55c933b9c9d3e1de3d426c911567c9bc371
13YLVHXDsHB0D2vGIj5HEfZyWmbszx0ZO	Giáo Trình Khâm Thiên Tứ Hóa- Đại Hoa-FULL.pdf	3496648	a418cee5f176da9acca012dd4f5930f87d8988842cf30117a79619ecd4c6efe3
1C9ao82ySLVHSdc6eQTcwUIcgVZl3Q_8Z	Khâm Thiên bảo điển 5.7.2025.pdf	2295311	8b6906e39e00c1a3809b77e784b4af588293f46a6f9edb222b47c28051fe8076
1iDRDmVdDccxNkZ8qm2z6OiK_0myQYjzJ	Khâm Thiên Tứ Hóa Sơ Cấp[Chiến Nguyễn].pdf	1701674	c96f589fd6f4ce092df2639705c36c8f6ee97644cae2c7161cee41b6f73efe15
1NAkrgk3NEl3JtGA2DjDZj0lHJBp8ucGo	Siêu phẩm Tứ Hóa Bắc Phái - Demo.pdf	949815	a44a59c0909ae172a07f6d3c6e72bdccaefa3dc5a2b8fdbb97285c7b45bab7ac
1v1FiPcQ1becszJmrZjWE1M_u9FAQSq47	Thực chiến lục hào đoán quẻ - bản dịch Chinh thức-tập 1.pdf	9312117	0d1f7586cc44f24985c9f432657af67cf45e412cf79101653f471f62aa92f440
12iNsSp6yVQW5RUPn3BYOMVrHRwqZw6fn	Tuyển_tập_bài_viết_Bát_Tự_chọn_lọc_số_1.pdf	7029244	aa20670a7fb5c9a59b45e9c267a06b139a65b924b49a49755a4981a777db6bce
1BJKfwyjpN5nfGYdINagAWs4jh43mRuUS	Tuyển_tập_bài_viết_Bát_Tự_chọn_lọc_số_10.pdf	6408151	520bf5a372e7162a3c3fd3d615436b4c0c4b75f34cf572012db4eba88ecdd46a
1pEwsugNAOi4itsk38iVj05UfQGjGJCEq	Tuyển_tập_bài_viết_Bát_Tự_chọn_lọc_số_11.pdf	6603830	1d346bc229625e529b695d66d5e20f17e94470a08600a51599a0d0e22bc68cee
1LTHXGnPARryAT6B-SEjCSyrdMwc3u5Za	Tuyển_tập_bài_viết_Bát_Tự_chọn_lọc_số_12.pdf	6637541	2074a4febb134f7a9d71a4fe5a6e6a43288af1e89268171b5c182b2239096422
1vNN3pAjhwsycxSV7B0YixurWjttkxjud	Tuyển_tập_bài_viết_Bát_Tự_chọn_lọc_số_13.pdf	7139162	ae0662223c46a0faa7be0f5565b2c74a9ea13201e75b58f616acf0f09a328c9e
1ZOvJK5wUyYn-ZnJivBOP9ndbxJGf-WDj	Tuyển_tập_bài_viết_Bát_Tự_chọn_lọc_số_14.pdf	7069257	9785e57300d0807f9bf19dd5e521183182123eaf4aa0f15cb46dc8e2c67a139e
14A0RdJ7rgFocJiyvJfVYsMXD1iDLZBQ9	Tuyển_tập_bài_viết_Bát_Tự_chọn_lọc_số_15.pdf	7013845	f099f2ade4105f9851a6b528cf5d9246139e926f2da2d608868495e5d632fa83
1rvAa4zncRN9_nzequnTSX5aeoTHgpygM	Tuyển_tập_bài_viết_Bát_Tự_chọn_lọc_số_2.pdf	6934654	b2b0793a3b062791d92a326b8de58f0a13d26d0622991cfecfe5bbbcf16a8565
1ZY3kDINfp4fWcB-ESxw-SLkI5HzJi5tE	Tuyển_tập_bài_viết_Bát_Tự_chọn_lọc_số_3.pdf	6951140	12d545f6a977ddfb5412ec1b0e6c15c5f04c8a343b064d05c9926f9188229c6d
1PuDDTuWf6z-BdDe2nSaL46OEdzV-JQUU	Tuyển_tập_bài_viết_Bát_Tự_chọn_lọc_số_4.pdf	6436781	abb10fa31b7daa08f207902d057a0f35bcf56af7e3047dc12eeed1acfcde5d18
1AULN7xxwRv1z78GGT9uRW2GgnJAjHJfc	Tuyển_tập_bài_viết_Bát_Tự_chọn_lọc_số_5.pdf	6312261	ca74e47c812a846b5093b3283bb784db268ddcf162c9f0ceb8ca4f2b79b8e0ea
1VG-ofanKDh57CEvMYMvTTMj93S5AqNA3	Tuyển_tập_bài_viết_Bát_Tự_chọn_lọc_số_6.pdf	6816469	5bb758b16048b3efc8acebd549236bbd60180ce9b8f1623d94ca9d9096c929ca
1_ajIIXCpHEGx4wa8BWnX5-C_hkrG7Jt1	Tuyển_tập_bài_viết_Bát_Tự_chọn_lọc_số_7.pdf	6108045	c42d40ec2f48dd11cfc9b041c8cf0877da73ae2164e89eb9098f2ae10998409f
1hFHHhXwRWWndcsGyi2GY2got8Zj8if6-	Tuyển_tập_bài_viết_Bát_Tự_chọn_lọc_số_8.pdf	6169935	3d85c35a9434a0602e320438fb8a55e180becb92b2a539fdaa0b6e9e4027618b
1pGyBgrOG9DR1e6Vg4YQuh79h8itXIDlA	Tuyển_tập_bài_viết_Bát_Tự_chọn_lọc_số_9.pdf	6224667	9024a7a4d506cbfe028dcf54c18e7f4ab1f7d668b3f5acd0f09e89936c5165b0
1C-qtEmQ2Td10-XCykbSm8kf7XMNmDKFM	Tuyển_tập_bài_viết_Khâm_Thiên_Tứ_Hóa_chọn_lọc_số_1.pdf	9072242	c08c8b6ad676126a8eb88920f164197fe8c6310075883f7966591205eb8c5262
1UrhIso28VeNl4gVjyXSRj8B_RCdUigFB	Tuyển_tập_bài_viết_Khâm_Thiên_Tứ_Hóa_chọn_lọc_số_2.pdf	8589170	e1902b9db9976c395c9a74a7e9cc8d9a60836ffa7f64c493b839a3ee1ec54681
1KTT5IoTALmgWEX0VVnh4v8zdeGBQ9SIf	Tuyển_tập_bài_viết_Khâm_Thiên_Tứ_Hóa_chọn_lọc_số_3.pdf	8870459	bec9a86fd0fa863c6fa86683a4872b88dafe2a9678f8840635090e04a8bb0de1
1NCepkPlMWz2GncxZHJakjDafvhOaIBmP	Tuyển_tập_bài_viết_Khâm_Thiên_Tứ_Hóa_chọn_lọc_số_4.pdf	8297713	937c4e9dd71c2d3c49aa4dd321cfe54bee551b413dce33306ea94bbfdeed7719
1SBOSKsdITdsetMAvspAIxsYFnxM6ZKZ5	Tuyển_tập_bài_viết_Khâm_Thiên_Tứ_Hóa_chọn_lọc_số_5.pdf	7329918	d3ecb4d3526889c3d4931d5c8ec2ae64c2ff095b04c83860ba4c77e2c5eb549f
1vO9b2K5N7Sl41rwzWqlo_xt6AJY_F1SF	Tuyển_tập_bài_viết_Khâm_Thiên_Tứ_Hóa_chọn_lọc_số_6.pdf	6792977	234791b54c8ee245ec88f90c9d218ec5a53e8cfa3f4b57e83459cd5cfecc8f3d
1yHswwqIwCGS4L0VnAUyPxLDnVXR_F9wn	Tuyển_tập_bài_viết_Khâm_Thiên_Tứ_Hóa_chọn_lọc_số_7.pdf	7331437	23a160e0144bdbd29e7d82efc66da911a2c92d71230854e7ad667a92b0d69900
1EocIp-X5XeEZhvaCETdsLvfbFk44qQj3	Tuyển_tập_bài_viết_Kinh_Dịch_chọn_lọc_số_1.pdf	6755248	d618bdf5b2541c7fe870442038ceada314af16fb614601c306c2bdd0984321f1
1TQi0r65EBiJMPc99E7qDdrKuVqjVFTxu	Tuyển_tập_bài_viết_Kinh_Dịch_chọn_lọc_số_10.pdf	6189669	07ea5a296fba17b0bda51faf5d97618c104853295fd0a7e84eef2f37b8976c4c
1YrrZx2NUrl8cDXA9HziZmWi81mFqu5lB	Tuyển_tập_bài_viết_Kinh_Dịch_chọn_lọc_số_11.pdf	6623038	34e6d40608155035ac20595fdedda0e5935bded888078026753f23dbdc0c6471
1qybbOigeXG1tiaphAx9qdJiwP6Q5aTgY	Tuyển_tập_bài_viết_Kinh_Dịch_chọn_lọc_số_12.pdf	6502467	657459a3b1d128b9422d589c616a01f9e7338dfa92730e4ba3801a2eb7c22a44
1VbzneQwpZfoAGSK6PZbWwXeWBHDwiEcs	Tuyển_tập_bài_viết_Kinh_Dịch_chọn_lọc_số_13.pdf	6582956	c924222e27c74dd8bf4e7fb04b1151d6baead335b3663557a9c5ecbc3cec3cb4
1fjUKW7D2supqUv5STtyJzeZGcEhGxTIc	Tuyển_tập_bài_viết_Kinh_Dịch_chọn_lọc_số_14.pdf	6797092	c5341607b7b48db73691822bdfcfd9996bdb743cfef5fd754fdd8b2459305db5
1wQ61bQvcWzxnWziB_17eLsOXeDgIzKsc	Tuyển_tập_bài_viết_Kinh_Dịch_chọn_lọc_số_15.pdf	6897674	6e9388badeeadd1f0a8b78f46548c38fed65ba6f0b35c836198fd3eefd4cae99
1r1vRz8ONSOUqmFF4jxWYF3he3KVB01Nq	Tuyển_tập_bài_viết_Kinh_Dịch_chọn_lọc_số_16.pdf	6794457	9636140fb3c48dc6dd38bb8b783b630d677921a2d461ac27eca58ef71f32daa4
1zeIWRun2MmO6bfmY9ztuSr9ZRWcD9MR8	Tuyển_tập_bài_viết_Kinh_Dịch_chọn_lọc_số_2.pdf	7107418	cac04839ba30e1ce0a261730f01d1f982be497a0d916a8161cfb46bff71b0d29
1w_yFLYr9EAZifZotjWEiYCFyC71ufjYh	Tuyển_tập_bài_viết_Kinh_Dịch_chọn_lọc_số_3.pdf	7155996	80815cc67c723c373ea282bcd4fc2331924d769893bf37cf9459593f118832ec
1uLnuNktTwKecTs9U2J7z8fOhPL598HgN	Tuyển_tập_bài_viết_Kinh_Dịch_chọn_lọc_số_4.pdf	6530661	15891e1149210b95fb3d9c3243d03073ad5f81ff262dc33f444c8047b17a0b77
1Aluxw207NGDP3V0xk_oWoFBwEhNzxJog	Tuyển_tập_bài_viết_Kinh_Dịch_chọn_lọc_số_5.pdf	5788482	fb7448b31e78a8535271aaad09efb7f40e93990d44bc77d401a6439d7404752a
1eavdaanSBh2NjLY010AbR_Bs0avfOOWv	Tuyển_tập_bài_viết_Kinh_Dịch_chọn_lọc_số_6.pdf	6585333	00497edf04a85081f084e35c4d0a870dc01a06843a2d9a6c126e743bda931443
1Q3w5ciIWUbod2kFBh9A3XXxeJ2ee0xkF	Tuyển_tập_bài_viết_Kinh_Dịch_chọn_lọc_số_7.pdf	6160717	f16e152f023e20d6664575bc53da2015f789827d55177a88c29b4b6af2f46f6d
1p-gGFlpwyXoikiBAFHPHWwhPVBiRdySX	Tuyển_tập_bài_viết_Kinh_Dịch_chọn_lọc_số_8.pdf	6499439	506caf2eacbfd6f6532540ae1779526ab13a271deae8896de57635d65b3627ca
1HLkhMJzaVPNefne5ey9x6GYJFZF8Icke	Tuyển_tập_bài_viết_Kinh_Dịch_chọn_lọc_số_9.pdf	6682919	7aa2cb4630a2644f89d2991dd82f46a144fe4e9d1f115c3e2b8da08876391b4f
16ixJqoUWdSc2lc3nC8HEsSEHVl8HKu5k	Tuyển_tập_bài_viết_Phong_Thủy_chọn_lọc_số_1.pdf	7400382	c522334c1ed733b47d00b1c0430eca8a9798ce8eb50067afae53c71075703aed
1QsCBsjxBm9RnUp4CJNb9u17RkM-uqYaU	Tuyển_tập_bài_viết_Phong_Thủy_chọn_lọc_số_10.pdf	6347338	a19b43904041cbed7beed40bb839d72cc040b1ce66c7698909aa1ce0cd6ad83e
1BGDpNPihVMNYqW65vrx1J2bdsoL_XwvH	Tuyển_tập_bài_viết_Phong_Thủy_chọn_lọc_số_11.pdf	6447367	892acf0033592df9763cdce0ff1defa2536c4f19e8b78ff6d4daf0eb77cae0e9
15_lBRaYgwJfnMjiufNT2HOsE1hwhD1yc	Tuyển_tập_bài_viết_Phong_Thủy_chọn_lọc_số_12.pdf	6593732	ce18139259b3fa570596aa55a125aec60c43a5b9e748538382e900961c96f793
1VWOXwxwbACP78af3UdM9RdTnTx7XAVL8	Tuyển_tập_bài_viết_Phong_Thủy_chọn_lọc_số_13.pdf	6735163	1a8dfcf0dcbfe5a358c5eced5d2320ee1c82afce32c2ac152ef646f4cce0ac8d
1Nz1FXx84tXJg1SUNbiU35854cffiBUwE	Tuyển_tập_bài_viết_Phong_Thủy_chọn_lọc_số_14.pdf	6922953	630c5e608e9535cc4056b2221e7db1a87a1e5bffb2fec75d4fe1662707f46e71
1STG37g_gDIQx8lufScf3d67qzcOoRgSD	Tuyển_tập_bài_viết_Phong_Thủy_chọn_lọc_số_15.pdf	6880411	f4d5a42e22ef1eebfb3d207bf76b138587f6fb5f6de02860675f3296d20e0ca2
1Ee4EvUUtySlVfm1NTGS_Bn_kZm-uPUPk	Tuyển_tập_bài_viết_Phong_Thủy_chọn_lọc_số_16.pdf	6682236	6979e08317ebcdb331305b77c5dfb93a00d890b0238bf2538a05a92a7aaf0ce0
1DXC9G8Tz2-tuMbF0iqKkmi-Z36EizMNv	Tuyển_tập_bài_viết_Phong_Thủy_chọn_lọc_số_2.pdf	6945009	196ae6b99bfc9bd08146bbb531834ca88ab6ef4d2fcf96cf6c57c0b57c5a4561
1gEug8oHm1olzgaCcYtdjUQfKqwUppJxC	Tuyển_tập_bài_viết_Phong_Thủy_chọn_lọc_số_3.pdf	7308360	54af040c07b3fb15b2840034b446fe7a29a26286a99cb1cbae4478e86394471b
1Gm5FXVP5RLXz_MUJ2XfW2i89H71koblK	Tuyển_tập_bài_viết_Phong_Thủy_chọn_lọc_số_4.pdf	6567992	4ff91d52d49774053e5f198ba8424ab77f20d823488830010feee2249b606735
1O1qITQPwJGQ05VPYTENc1Mk2LDrveA7y	Tuyển_tập_bài_viết_Phong_Thủy_chọn_lọc_số_5.pdf	6308381	8be4d3719a189e8ed3242d388e52f6f34a1efc50fd59c921fe11734917872e48
1qbs9LMNLdP5oBO8ElCJvbXmFbqUaZaz1	Tuyển_tập_bài_viết_Phong_Thủy_chọn_lọc_số_6.pdf	6412293	74c11c605627aec8b1e552e5a02b920866ee34bcd44d1cc640198157b6f0d111
1BFl8majWQoLGNHwBrxoSCHExdGoMFse_	Tuyển_tập_bài_viết_Phong_Thủy_chọn_lọc_số_7.pdf	6512727	7c0fba4fa4f58ea5efdbe8c150cc3538a1c2983a207a8ee42e043fd9e4b8f5db
1E4QHgb7nggopxJ065v-KrlBnM8ZpRLXK	Tuyển_tập_bài_viết_Phong_Thủy_chọn_lọc_số_8.pdf	6048661	1b7e40a06f6de52f0682e302e373c8454551e85cd91c39ae80cb77786ff1964c
1CSpJCWX2e0rNnItiUkSzXG6FVBk6-aOY	Tuyển_tập_bài_viết_Phong_Thủy_chọn_lọc_số_9.pdf	6261380	87961d8d3da4674e17109aab34af7da9e44cc933cc00efb4a8c6f640b74cf3b9
1xgBVB-cD7k3lXiBB4hSLz8TWFGOIch8j	Tuyển_tập_bài_viết_Tam_Thức_chọn_lọc_số_1.pdf	7104858	4df8189309a3452ec3bfec995e94f12a0051ccc0cea4d45a8269b5c7f268747c
1HQEDUJgMuU-03weMK1arGTO_rwuVusLz	Tuyển_tập_bài_viết_Tam_Thức_chọn_lọc_số_10.pdf	6554427	2846efe774f793dddc276cd29b5da0073f26386e67bace81cc65747394ea1268
197_ZxU9Zm6U2NTMx_cs3fUHziCKQuKNF	Tuyển_tập_bài_viết_Tam_Thức_chọn_lọc_số_11.pdf	6203579	ab069f3dec4f02ce38990fbd684cdb631c963cd215d0e7869d0254307754110b
1uYBjTxO1uIMYBPRGJUaOmt8GkeiC8mfv	Tuyển_tập_bài_viết_Tam_Thức_chọn_lọc_số_12.pdf	6469941	e59b0cd07c1bad709604b97c09eece649dea8c2415853798b61da3a0b8ec3580
1yVr3yybh1pkrpEolkMvbBFW525cRVQjb	Tuyển_tập_bài_viết_Tam_Thức_chọn_lọc_số_13.pdf	6474144	a740d5bc2f1384905e93c66a1ac58b93071687024fc4256f1a91d1ec5d8671e0
1SO23-lm_RaKmZQOz8NORGXaJKlK9E98J	Tuyển_tập_bài_viết_Tam_Thức_chọn_lọc_số_14.pdf	6884953	19a9599a335e965793594a447693036cec1e096797ff076fae90231329c594ba
1OGIet2Ejf8fV2Y3quO2wUugAcjI-0MlV	Tuyển_tập_bài_viết_Tam_Thức_chọn_lọc_số_15.pdf	6908264	5bfb537157e6acbbf5cbaf8d27875eac6c1606d11e14be319421a106b2f25fe1
1qMQ2Z4pjteK_45zVGlvA9L3CK7sf2J8P	Tuyển_tập_bài_viết_Tam_Thức_chọn_lọc_số_16.pdf	7070245	9610ed4a85a52053cc028d1ddf1da16c717ab8e5c10cf2b1460dff0739163919
1I5Byxu3gAE43RsRGmED8A1rQpCb_ZwTD	Tuyển_tập_bài_viết_Tam_Thức_chọn_lọc_số_2.pdf	7115278	370731be78c53a3fd525877d161fc23b5a4da44c04b782bcf4893e5189388561
1jwE1XPq85h49Ea8iMGGLsMe58oqCthG6	Tuyển_tập_bài_viết_Tam_Thức_chọn_lọc_số_3.pdf	6605920	f161a26bc264d11630d2fca3e6dbf6ce19cd44e2dd008420ae2f28f52d876210
12Pu6WXAS_xlcb2V0u_G27v9swuImyECl	Tuyển_tập_bài_viết_Tam_Thức_chọn_lọc_số_4.pdf	6272982	5251b52b6db548efedf73a31f7c43f65e1a666da3eed6aacf589431766b4b9bc
1T7ZlfRf4gyyi3oGf6iS7-rbzYVuDqInd	Tuyển_tập_bài_viết_Tam_Thức_chọn_lọc_số_5.pdf	6433043	5ae066167a08fcabd628040814d0741ed18b6d579ddbc13b7b31ed5d0388feea
1U8eVZEL3tt0NMySnIk4ROh_3b8_9WCi5	Tuyển_tập_bài_viết_Tam_Thức_chọn_lọc_số_6.pdf	6544936	6f9c492021e7c0081d4afd970bbdc7f140858d13e9f0964c55b391fe9432d2ac
1YSXSg_XMCD7IBQXneHGFCr2T2-RoE8hh	Tuyển_tập_bài_viết_Tam_Thức_chọn_lọc_số_7.pdf	6327147	60327008c96664821a9bb64771ff887732f7294289efba9e36038d62123b2f71
13H54RjiGIsUkSPONyehNmlZrN4wwakTu	Tuyển_tập_bài_viết_Tam_Thức_chọn_lọc_số_8.pdf	6433066	b9cf983fda8579b5de641d1a93b1ba4bd07a824a53029fcd7781ffa49636c203
1qWDFKJzzLg80ovwUqmSGvnjzay2EDh0H	Tuyển_tập_bài_viết_Tam_Thức_chọn_lọc_số_9.pdf	6547593	c57e6c01aff4abba6ab63a0b433ca5d9f1e652a2ca5481ffd820900e71460c1c
1q15c4CUsQy1YBUa52pRtfLmwTKbP-nh5	Tuyển_tập_bài_viết_Tử_Vi_chọn_lọc_số_1.pdf	7375483	37ffe41c6e022e3eec5bc0866a2f4e52b6ee914658cf910a2d4afe61c0006548
1VQ5he7RenQXsUoGj5MK6M_VAmZATnwKk	Tuyển_tập_bài_viết_Tử_Vi_chọn_lọc_số_10.pdf	6168153	fbcccee59125e289d9b9f0ba08adb9f354090471f21ff92ca0d57273577846bf
1grBCnhKsrHwF7W743xWtqWheZQdsljbk	Tuyển_tập_bài_viết_Tử_Vi_chọn_lọc_số_11.pdf	6592904	d7934d8f37fc61e1136a12c3382891bd234d2b30cae88dde3ba532ac17b59eed
1U81E3QxGViw_fONMXn6yxAOGl5WgCDmL	Tuyển_tập_bài_viết_Tử_Vi_chọn_lọc_số_12.pdf	6813351	0e45ddeb38b89bd5393c2dd14c14dd87725de77a919f9ee70580bebaaefd734c
1v9TwmT-Zsia6RwAQW5GbBTaLH6jXD7Qe	Tuyển_tập_bài_viết_Tử_Vi_chọn_lọc_số_13.pdf	7349728	87ac8dcf32146bd2ed725b3b6599d356f90f369ce2eb395345e79e0ad91616f7
1sShVoQwL1bRFnJXUBA8HL0vFoVi3-4bh	Tuyển_tập_bài_viết_Tử_Vi_chọn_lọc_số_14.pdf	6963690	e2eaa867e689d66defdbd8e524a2d3b9a522d4c982356c6950f348dc0c64d61c
1JOOjQWAPNTw4NdVl3SJomcyFH3pmLrjf	Tuyển_tập_bài_viết_Tử_Vi_chọn_lọc_số_15.pdf	6673174	b8f178ba7195064c616a3003e3f5bf931486f36a94591f5d93eb509170593575
1MUAU0unh1ejHdAT-wM_pb2nyfv-VNd87	Tuyển_tập_bài_viết_Tử_Vi_chọn_lọc_số_16.pdf	7278681	f6a6041c5f8febea43db3bad7f36b1c4919ae76a90528679d09a5d822a2ba7db
1Amehk2pW_vjUK88YLyuS1ZnTMnLFWg_b	Tuyển_tập_bài_viết_Tử_Vi_chọn_lọc_số_17.pdf	6919569	f9dfe48b4fad56e507b11a96e7f8f2f5b8b0cd184be49b280d1adf757bf0ef5d
1VIBlYbwE9plnZXHXgry4a0B7hr1ph7xh	Tuyển_tập_bài_viết_Tử_Vi_chọn_lọc_số_18.pdf	7153881	34682434cee4440bd739cb15497448938159502e7128892849ef5d23792325f3
1Pr2DqiCfRa55OxjtgY-vMiHYqzOTfIXk	Tuyển_tập_bài_viết_Tử_Vi_chọn_lọc_số_19.pdf	7038887	d83fcf8c0d15c05602a687703f64305ba24fdf57c87b77bed9eb263a4adc4867
1pSjcM8uhNxJOj5UrV9diYFIVa-pvMysM	Tuyển_tập_bài_viết_Tử_Vi_chọn_lọc_số_2.pdf	7254679	eb432741e7e8386b5a449ef90c059c2f74280ef16f027517d70797ce3ca11a64
1yc_1gf-8fVDC3RI0JZayCa0MAEmhdH1X	Tuyển_tập_bài_viết_Tử_Vi_chọn_lọc_số_3.pdf	6940025	0cc2edbf7173c25ecfddae12b56197badfd22b6579b6e51d49329a650bfac7e6
1-m6XkBc43KZk9hzSuHo7CKQra8t7h3p5	Tuyển_tập_bài_viết_Tử_Vi_chọn_lọc_số_4.pdf	6818933	991aef7133dbd4a7e537e5818a5750d1ecfe63767da006b5b02bda13ba7fc1e8
1sXfoilZRoAEf0nIjcihjdpxiFUc2QXlG	Tuyển_tập_bài_viết_Tử_Vi_chọn_lọc_số_5.pdf	6490763	a307a151cf194be782798c636926967e521160953619a55434e4baac42f91316
1nsD-7mREYHEUr8W3x9JlgLOjm4KDfuWw	Tuyển_tập_bài_viết_Tử_Vi_chọn_lọc_số_6.pdf	6351124	cefba9df0781144bcdf6e2b6ee0c8dbe5b783bd3c422614cdeed7fe107ca32cf
1YcqTrLe1uQhbcTXvBI5JGcQ-MW3mKP_R	Tuyển_tập_bài_viết_Tử_Vi_chọn_lọc_số_7.pdf	6479529	6cade2072cb5a90b95e3cdc2784a05b87502bc26c3ded4ec2e51c75aff5b8c96
1z8zRPQbpMDcFpCxFEXXioI41jn99cFqy	Tuyển_tập_bài_viết_Tử_Vi_chọn_lọc_số_8.pdf	6386732	858e3fadbc5ec3162d3b69d09a8b50accea1c072a16ed8f6b30d789ff3022ffd
1OIIWwQF2wpGR-J5Pief8xyXVQ0ir3RMZ	Tuyển_tập_bài_viết_Tử_Vi_chọn_lọc_số_9.pdf	6573367	8cd906a7511279db7f07a7e54aa6500eed2591dcb93acf37f396516594afbb77
1UaNR9YmmUFLHkluTDC7PjNHLHwHdApmC	Tuyển_tập_bài_viết_Y_Học_chọn_lọc_số_1.pdf	7302270	5bed5f08a95117543982993655524ef064f0dff1f167ad01f5aaa353ebe8fdab
1ewmHg8KIHoAOfw2T_8GLpUZZvcfo7rNm	Tuyển_tập_bài_viết_Y_Học_chọn_lọc_số_10.pdf	6389149	750463c4cae02c1c801112ffe6afad26ba88b33030fe8b9bfb3a5b53ea24de9b
1QjmUCH_jPgqtNkitARls8u00MjqbbjGN	Tuyển_tập_bài_viết_Y_Học_chọn_lọc_số_11.pdf	6752008	f425a13fad3181cf22f9b44623f45939b20ccf5705d553b2c811d4784d21b50f
1jlfien0SuqnsmQ23QwIEO15FPAjkTEjS	Tuyển_tập_bài_viết_Y_Học_chọn_lọc_số_12.pdf	6211420	2a82d5910585b9cbbb7e36788b6a4607d30edae7b11d71d8c9f838b34ec44f36
1nivIgZ8IhKd_8xS4XTZM2QhA3FTAdE3N	Tuyển_tập_bài_viết_Y_Học_chọn_lọc_số_13.pdf	6010165	8dcaeddba615b0565fd1d4a7f0f7cf74abdb32068d5b59b63e58a63addc20776
1K9qSL04m2VdgNESEExf-s-HtCEZSPw4f	Tuyển_tập_bài_viết_Y_Học_chọn_lọc_số_14.pdf	6561802	281d809b8400f3c541e1bda8fc49d27980ba6c32ca3a7ef37cfe83ee1c256cc1
1Ehy_tNgp3pAdYBOswQE7C4O2Hcxe1scY	Tuyển_tập_bài_viết_Y_Học_chọn_lọc_số_15.pdf	6742232	0bb23ed270621cb393d5e89a9aa95b5b20a6466f6a5697adcb1d7f5b8b57a89d
1G51u3jffcRl2R5QJR4PxcKnT6hEWnaPV	Tuyển_tập_bài_viết_Y_Học_chọn_lọc_số_16.pdf	6254364	540a45042a92fd03e4177b62b53efc4f21ce678b098643570d6a4a13673f8cb3
11-PxigmuG3-kUPcSfXdISA9ZfK_9387Q	Tuyển_tập_bài_viết_Y_Học_chọn_lọc_số_17.pdf	6440083	2e03d3d60444c116ac38fff4826de587b475765b6deb52aa772290046914f8f0
1bi3nYIz2S6-aeynTa2hzyx6HHEJ_wvWb	Tuyển_tập_bài_viết_Y_Học_chọn_lọc_số_2.pdf	7363869	d95f6e095dfded822b65bada240f5345d6bfa8758741314b7b3d125395c474b5
1jWVuy4WBL_0jBVJCrVVJpRibUfKkD0wk	Tuyển_tập_bài_viết_Y_Học_chọn_lọc_số_3.pdf	6980973	cc13f3d3f547a122be48cb96d100691f70d839651a44f4ae6a0054b0cbbdc981
1o0dxzylw1WzLSFfO2CmuWi0R9RNqtQTx	Tuyển_tập_bài_viết_Y_Học_chọn_lọc_số_4.pdf	6117006	b22d07b96bcc0e9fe2e5ad064b96ddcbffd886a0c3df2a876f90132d48a4925b
13paed45tSolvhmxLn1TEB42gSohjim7I	Tuyển_tập_bài_viết_Y_Học_chọn_lọc_số_5.pdf	6565420	ecdc9ac51e06f1df80dda231110292af7e8a9d00eba4fd99b14c6f64e6da750c
1wLx0Nkv0T9f1DEl8T4Lke6cFNlmJieQZ	Tuyển_tập_bài_viết_Y_Học_chọn_lọc_số_6.pdf	6280411	f73178ee5dbc1fd50ec710964ba48002037b1d92bb609d122d0b258d09e7335e
1pqbwon_RGXlNg_ipMmTCceNQbkQevC4x	Tuyển_tập_bài_viết_Y_Học_chọn_lọc_số_7.pdf	6198943	f7df922a3d0cd585fd93ec303f93b9a208f00142fbf18ac31353d29524f2b164
173pgOd_pPwKm95JqwSvyR49hfLfKnT7e	Tuyển_tập_bài_viết_Y_Học_chọn_lọc_số_8.pdf	6393039	aaa0043447ce90125754a7f64ad3e28646e559e8955c9b7b000ae648b81d4860
1z-mFkoddSIRnQtBfCHng1HElJFlK0ScA	Tuyển_tập_bài_viết_Y_Học_chọn_lọc_số_9.pdf	6230385	fbd475000cf8ccacc6dc181793c59c0d089d3917d8bf4aa46843f9e7ce430f46
11CBW7LfIsxkaw0BlbMEQKUJMGUffDeLa	Tuyển_tập_luận_giải_Bát_Tự-Tứ_Trụ_số_1.pdf	12169221	d91805ec47dc43ce0d90e2ca5a2f079973d6fbe1bfd54a094dc3799b4238c065
1tIL5VM4v9rkRc1_dO15g196Lv_U0cnA_	Tuyển_tập_luận_giải_Bát_Tự-Tứ_Trụ_số_2.pdf	12314804	d71471af30c80846d5f740be3a3c6adbcbc4837b7048adfef7664441edebb0d5
1DvbZdhxgm2i_crZh3-4g4OnW7nQ4TNf8	Tuyển_tập_luận_giải_Lục_Hào_số_1.pdf	12673632	aa3b57a65c379c2b1efddd5a15ea2f2f3f1d8063ce18e13a99d19d19c821fbf5
1OrFHBA-ZUhsZt7AqL0C4TKdtZkkmkgJc	Tuyển_tập_luận_giải_Lục_Hào_số_2.pdf	12583202	2005b464692c3c35419c582c8417569660a82e802946fd407b463d5ee0f023b5
1NVldxUOUmiFKGhZsWOEULSj_64-ewEwh	Tuyển_tập_luận_giải_Tử_Vi_Nam_Phái_số_1.pdf	34320655	1acc7ef0f5d7ba83cf67f203b3da3a2410fcdcb70266593ca649b6a1c128736d
1j1l-Uy2_-uVIIB2eS30Unr1lVwi7QsXe	Tuyển_tập_luận_giải_Tử_Vi_Nam_Phái_số_2.pdf	34801706	779b1097c148afcb37b662c6235159df08a3c2a38c93908ccb03727f1065e062
1oW-2owCAib8t-nw1D21Qq290b5pm58rP	Tứ Hóa Cuộc Sống số 3.pdf	6036942	5fedaeca457d3b1daccef9c2c7b21ef3a60a7a6f46eea6a6b2c3f3a67edb7bf1
1KhYwxGmzlFITQgphD6pKX3NrGpzFo-iV	Tứ Hóa Cơ Sở[Chiến Nguyễn].pdf	857520	d3da82ce1463b6d2c45ef66be4e1a170f7fc553d14c80ab8c64aa529ca56236d
1yMmbmzRyt6Gzpeoz_yShk7u4Im46zfX4	Tứ hóa thực chiến sơ cấp[Chiến Nguyễn].pdf	5124690	242380ca4ec488c5bfc892cf6d4da29d7a11a58d0e91793df883cb74a1aab10f
1w54zBOidEv-8XI9bU7_O1DQYDOayjQeh	Tứ hóa và cuộc sống 7_.pdf	1821873	25ec72cf20947fa782f67e4f65697706fe695da8a5b3dfe4d99a163f96f33dfd
1NVav3T-WSgxZJy-FL12U2m_yKjRFdcI5	Tứ Hóa và Cuộc Sống số 2_.pdf	3692421	32d3988623667801985e391d72a536d46ab69962f5b2232d5bcdaa913c7564f7
1jug8wiCBaX3KZMrROP0zc81Jwfdaa3jD	Tứ Hóa và Cuộc Sống Số 4.pdf	15267971	d224946cd12485e2212365a2e76b6138128760de666b13ed1700965aa9c18a25
1Wf20BT3c_8iro2m02foiDJu1V-J8DDc2	Tứ Hóa Và Cuộc Sống Số 5.pdf	14915584	46d28721f6b7cc0f5bc54ffb8972fb132299bcb5ef479013ad1c8e7af1c11d49
1UoSlBlHsTppIlVgy35Wsiyuv6rcxpP99	Tứ Hóa và Cuộc Sống số 6.pdf	15014919	efb401909d2b4d0b68a9d0f27d85287708298cf393a6557e765a62a980b85160
1p_De3Tbgo-f2vCx9QYTgvajPlhfNGzwR	Tứ Hóa và Cuộc Sống số 8_compressed.pdf	1793663	bbb5e02d0cf4a52accb049eed6d972eb843781e4e601c5df669dda67bf41d723
1wo3MNQiYTbNvZSz6ROTNa2Zm4B-5RrHj	TỬ VI ĐẨU SỐ BÍ NGHI - tập 1 + tập 2 FULL.pdf	7675427	e591cbcf924ed37b5dc4f835a32f4abca9a4d0ce83a0814b02b83f1f8672ada1
1rlZHsHvg7MgpsMZOVZtV2zwBE2cska1b	Tử Vi Đẩu Số Cao Cấp Lý Luận Đại Toàn + Tử vi đẩu số thực chiến-Sở Hoàng-FULL.pdf	3216447	8bf48774187cec4fb1a28c2855643cfbb3f1910d0c8ab10fa33fa46cc164067f
1tBLZcEKvF2OGZ-xRgIOOhEL4D1riJys1	Tử Vi Đẩu Số Hỉ Kị Thần Đại Đột Phá +Tử Vi Đẩu Số Bất Truyền Tâm Pháp.pdf	5667752	19f0690ef7628164ea8bb4f3b802acadef4466923b4c5b6ca467e817fe4aa815
1Ul-kAw-tPgi1guBwInAA7V0qYYb-5slh	Tử vi đẩu số khóa đường bút ký- Phạm Thu Chúc -Khâm Thiên Tứ Hóa.pdf	5380532	17b06179a04cd0aca284ce6d4fbb0ba03afcdec5f7d255f78a7376c2898365e0
1k9egyRkhz0VimNlaDMyzSbV1GawhXaFS	Tử Vi Đẩu Số Đạo Độc - Giải Bàn Thiên.pdf	2881138	4eb42abf39d8b315fed13662c1bcb91a4a868f1d9b07949e40e496be89a7b308
1vbXJPGgdDJtAHdI2R1k_PYnKGQHwsqjT	ĐẨU SỐ BÍ NGHI HẠ TRÙ PHONG -THÁI MINH HỒNG FULL.pdf	6456469	e97cf8b424e3161adeffbde593301a8861bbcdccdc62875a74b30d1a9ca7c0f9
